Participant;Level;Time Spent (s);Errors (Count);Explanation Time (Before Lvl) (s);Score;BestPercentage;FirstPercentage;Skipp/Read;Restarted
P1;Base Chart;118;4;49;475;95 %;95 %;Reader;No
;Line Chart;111;1;37;1075;93 %;93 %;Reader;No
;Area Chart;64;2;3;175;70 %;70 %;Skipper;No
;Stacked Area;~925;50;7;1350;96 %;40 %;Skipper;Yes
;Misleading;78;0;10;200;100 %;100 %;Skipper;No
P2;Base Chart;164;7;40;375;75 %;75 %;Reader;No
;Line Chart;154;4;2;1125;98 %;98 %;Skipper;No
;Area Chart;194;13;5;100;100 %;66 %;Skipper;Yes
;Stacked Area;586;62;10;425;32 %;0 %;Skipper;Yes
;Misleading;22;7;0;150;75 %;75 %;Skipper;No
P3;Base Chart;129;3;32;475;95 %;95 %;Reader;No
;Line Chart;155;8;2;1000;87 %;87 %;Skipper;No
;Area Chart;28;1;4;75;75 %;75 %;Skipper;No
;Stacked Area;295;61;1;-1250;0 %;0 %;Skipper;Yes
;Misleading;79;9;2;150;75 %;0 %;Skipper;Yes
P4;Base Chart;301;2;0;475;95 %;0 %;Skipper;Yes
;Line Chart;422;~8;43;1125;98 %;98 %;Reader;No
;Area Chart;45;0;0;100;100 %;100 %;Skipper;No
;Stacked Area;816;20;0;1100;79 %;58 %;Skipper;Yes
;Misleading;266;3;60;200;100 %;75 %;Reader;No
P5;Base Chart;103;1;0;475;95 %;95 %;Skipper;No
;Line Chart;159;1;112;1300;100 %;100 %;Reader;No
;Area Chart;62;0;72;250;100 %;100 %;Reader;No
;Stacked Area;277;1;124;1400;100 %;100 %;Reader;No
;Misleading;130;0;70;200;100 %;100 %;Reader;No
P6;Base Chart;124;5;0;425;85 %;85 %;Skipper;No
;Line Chart;168;4;40;1225;98 %;98 %;Reader;No
;Area Chart;55;2;7;50;50 %;50 %;Skipper;No
;Stacked Area;744;25;20;1375;98 %;32 %;Reader;Yes
;Misleading;57;3;18;200;100 %;0 %;Reader;Yes
P7;Base Chart;125;3;0;475;95 %;95.0%;Skipper;No
;Line Chart;148;2;5;1050;91 %;91 %;Skipper;No
;Area Chart;240;15;30;250;100 %;100 %;Reader;No
;Stacked Area;520;40;20;1400;100 %;33 %;Reader;Yes
;Misleading;113;35;20;200;100 %;50 %;Reader;Yes
P8;Base Chart;238;2;0;475;95 %;95 %;Skipper;No
;Line Chart;244;7;80;1275;85 %;85 %;Reader;No
;Area Chart;23;0;76;100;100 %;100 %;Reader;No
;Stacked Area;497;10;157;1175;84 %;69 %;Reader;Yes
;Misleading;141;1;79;175;87.5 %;87.5%;Reader;No
P9;Base Chart;219;2;48;450;90 %;90 %;Reader;No
;Line Chart;116;0;38;1150;80 %;80 %;Reader;No
;Area Chart;100;0;43;225;90 %;90 %;Reader;No
;Stacked Area;357;5;52;1275;91 %;91 %;Reader;No
;Misleading;84;0;65;200;100 %;100 %;Reader;No
P10;Base Chart;167;2;76;475;95 %;95 %;Reader;No
;Line Chart;108;1;37;1150;100 %;95 %;Reader;No
;Area Chart;32;0;34;100;100 %;100 %;Reader;No
;Stacked Area;180;11;58;1200;86 %;86 %;Reader;No
;Misleading;130;2;51;175;88 %;62 %;Reader;No
P11;Base Chart;309;3;55;500;100 %;90 %;Reader;Yes
;Line Chart;231;2;3;1125;97.8%;97.8%;Skipper;No
;Area Chart;129;3;12;100;100 %;100 %;Skipper;Yes
;Stacked Area;436;10;14;1325;94.6%;94.6%;Skipper;Yes
;Misleading;293;6;7;200;100 %;100 %;Skipper;Yes
P12;Base Chart;143;2;0;500;100 %;0 %;Skipper;Yes
;Line Chart;183;6;59;1100;88 %;88 %;Reader;No
;Area Chart;22;0;53;100;100 %;100 %;Reader;No
;Stacked Area;235;19;43;1025;82 %;82 %;Reader;No
;Misleading;158;10;51;175;87.5%;87.5%;Reader;Yes
P13;Base Chart;303;11;55;500;100 %;0 %;Reader;Yes
;Line Chart;87;0;0;1150;100 %;100 %;Skipper;No
;Area Chart;72;1;52;100;100 %;50 %;Reader;No
;Stacked Area;231;3;85;1350;96 %;96 %;Reader;No
;Misleading;155;0;58;200;100 %;100 %;Reader;No
P14;Base Chart;109;2;47;450;90 %;90 %;Reader;No
;Line Chart;180;3;67;1250;100 %;100 %;Reader;No
;Area Chart;39;2;84;50;50 %;50 %;Reader;No
;Stacked Area;282;3;93;1375;98 %;98 %;Reader;No
;Misleading;167;1;111;175;87.5%;87.5%;Reader;No
P15;Base Chart;153;7;127;425;85 %;85 %;Reader;No
;Line Chart;93;1;33;1150;100 %;100 %;Reader;No
;Area Chart;22;1;31;75;75 %;75 %;Reader;No
;Stacked Area;411;44;36;1175;84 %;84 %;Reader;Yes
;Misleading;40;0;24;200;100 %;100 %;Reader;No
P16;Base Chart;86;1;50;475;95 %;95 %;Reader;No
;Line Chart;84;0;58;1150;100 %;100 %;Reader;No
;Area Chart;23;0;21;100;100 %;50 %;Reader;Yes
;Stacked Area;451;14;59;1300;92 %;92 %;Reader;Yes
;Misleading;70;0;62;200;100 %;100 %;Reader;No
P17;Base Chart;89;0;0;500;100 %;100 %;Skipper;No
;Line Chart;133;1;0;1300;100 %;100 %;Skipper;No
;Area Chart;229;8;20;250;100 %;50 %;Reader;Yes
;Stacked Area;161;6;11;1375;98 %;73 %;Skipper;No
;Misleading;40;0;5;200;100 %;100 %;Skipper;Yes
P18;Base Chart;19;0;0;0;0 %;0 %;Skipper;No
;Line Chart;55;11;125;0;0 %;0 %;Reader;No
;Area Chart;521;35;126;-75;50;0 %;Reader;Yes
;Stacked Area;1423;60;104;1275;91 %;55 %;Reader;Yes
;Misleading;176;4;93;200;100 %;75 %;Reader;No
P19;Base Chart;119;5;55;475;95 %;95 %;Reader;No
;Line Chart;146;4;43;1250;100 %;100 %;Reader;No
;Area Chart;92;0;41;250;100 %;40 %;Reader;Yes
;Stacked Area;203;6;30;1350;96 %;96 %;Reader;No
;Misleading;130;6;54;200;100 %;50 %;Reader;Yes
P20;Base Chart;103;4 (Initial run);88;450;90 %;0 %;Reader;Yes
;Line Chart;149;3;38;1150;100 %;100 %;Reader;No
;Area Chart;36;4 (Initial run);30;75;80 %;50 %;Reader;Yes
;Stacked Area;569;23;14;775;55 %;0 %;Skipper;Yes
;Misleading;98;16;2;200;100 %;0 %;Skipper;Yes
P21;Base Chart;393;5;0;550;100 %;100 %;Skipper;No
;Line Chart;206;1;67;1150;100 %;100 %;Reader;No
;Area Chart;40;0;65;100;100 %;100 %;Reader;No
;Stacked Area;351;1;101;1375;98 %;98 %;Reader;No
;Misleading;162;2;79;150;75 %;75 %;Reader;No
P22;Base Chart;805;38;24;500;100 %;0 %;Reader;Yes
;Line Chart;197;17;0;1150;100 %;70 %;Skipper;Yes
;Area Chart;208;15;0;50;100 %;66 %;Skipper;Yes
;Stacked Area;315;26;0;775;55.3%;55 %;Skipper;No
;Misleading;189;24;1;75;100 %;0 %;Skipper;Yes
P23;Base Chart;452;14;0;500;100 %;45 %;Skipper;Yes
;Line Chart;168;1;78;1150;100 %;100 %;Reader;No
;Area Chart;46;0;56;100;100 %;100 %;Reader;No
;Stacked Area;340;8;105;1350;96.4%;0 %;Reader;No
;Misleading;224;0;92;200;100 %;100 %;Reader;No
P24;Base Chart;426;13;8;0;100 %;0 %;Skipper;No
;Line Chart;583;15;21;1050;91.3%;50 %;Reader;Yes
;Area Chart;63;0;0;100;100 %;100 %;Skipper;No
;Stacked Area;641;20;1;0;0 %;0 %;Skipper;Yes
;Misleading;0;0;0;0;0 %;0 %;;No
P25;Base Chart;394;1;59;500;100 %;100 %;Reader;No
;Line Chart;544;13;46;1025;82 %;82 %;Reader;No
;Area Chart;165;1;9;100;100 %;100 %;Skipper;No
;Stacked Area;569;29;60;975;69.6%;69 %;Reader;No
;Misleading;37;1;0;175;87.5%;87.5%;Skipper;No
P26;Base Chart;81;2;56;475;95 %;95 %;Reader;No
;Line Chart;180;3;26;1150;100 %;100 %;Reader;No
;Area Chart;14;0;62;100;100 %;100 %;Reader;No
;Stacked Area (1);238;8;87;1300;91 %;61.9%;Reader;Yes
;Misleading;71;0;26;200;100 %;72 %;Reader;No
;Stacked Area (2);137;1;1;1400;100 %;100 %;Reader;No
P27;Base Chart;195;1;47;475;95.0%;95 %;Reader;No
;Line Chart;290;14;25;1700;100 %;40 %;Reader;Yes
;Area Chart;63;0;76;250;100 %;100 %;Reader;No
;Stacked Area;567;16***;102;1150;82.1%;82 %;Reader;No
;Misleading;119;0;74;200;100 %;100 %;Reader;No
P28;Line Chart;248;0;161;1150;100 %;100 %;Reader;No
;Area Chart;54;0;65;100;100 %;100 %;Reader;No
;Stacked Area;883;24;256;1200;85.7%;85.7%;Reader;No
;Misleading;133;4;94;100;50.0%;50.0%;Reader;No
P29;Base Chart;195;1;47;475;95 %;0;Reader;Yes
;Line Chart;301;14;116;1150;100 %;33 %;Reader;Yes
;Area Chart;135;0;76;250;100 %;100 %;Reader;No
;Stacked Area;567;16;201;1025;91 %;0 %;Reader;Yes
;Misleading;119;0;74;200;100 %;100 %;Reader;No
P30;Base Chart;186;0;49;500;100 %;100 %;Reader;No
;Line Chart;303;7;56;1275;100 %;80 %;Reader;No
;Area Chart;128;1;63;150;60 %;60 %;Reader;No
;Stacked Area;705;11;112;1150;82 %;82 %;Reader;No
;Misleading;191;1;79;175;87.5%;87.5%;Reader;No
P31;Base Chart;266;4;0;450;90.0%;90.0%;Skipper;No
;Line Chart;261;5;72;1250;100 %;100 %;Reader;No
;Area Chart;31;0;56;100;100 %;100 %;Reader;No
;Stacked Area;445;8;78;1325;94.6%;94.6%;Reader;No
;Misleading;194;4;95;175;87.5%;87.5%;Reader;No
P32;Base Chart;144;4;11;475;95.0%;95.0%;Skipper;No
;Line Chart;138;2;5;1150;100 %;100 %;Skipper;No
;Area Chart;75;3;38;125;50.0%;50.0%;Reader;No
;Stacked Area;218;6;30;1350;96.4%;96.4%;Reader;No
;Misleading;279;1;42;175;87.5%;87.5%;Reader;No
P33;Base Chart;336;11;24;325;65.0%;65.0%;Reader;No
;Line Chart;205;11;22;1025;89.1%;89.1%;Reader;No
;Area Chart;62;3;2;125;50.0%;50.0%;Skipper;No
;Stacked Area;796;125;3;-2300;0 %;0 %;Skipper;No
;Misleading;100;14;30;175;87.5%;87.5%;Reader;No
P34;Base Chart;424;7;60;500;100 %;0 %;Reader;Yes
;Line Chart;248;0;0;1150;100 %;100 %;Skipper;No
;Area Chart;41;1;14;75;75 %;75 %;Skipper;No
;Stacked Area;527;12;109;0;0 %;0 %;Reader;No
;Misleading;335;25;41;75;100 %;37.5%;Reader;No
P35;Base Chart;225;7;0;350;70 %;70 %;Skipper;No
;Line Chart;436;13;46;1175;94 %;40 %;Reader;Yes
;Area Chart;44;1;44;75;75 %;75 %;Reader;No
;Stacked Area;277;9;52;1175;83.9%;83.9%;Reader;No
;Misleading;129;2;13;150;75 %;75 %;Skipper;No
P36;Base Chart;138;2;53;450;90 %;90 %;Reader;No
;Line Chart;269;5;65;1250;100 %;100 %;Reader;No
;Area Chart;27;0;60;100;100 %;100 %;Reader;No
;Stacked Area;792;8;109;1275;91 %;91 %;Reader;No
;Misleading;75;0;55;200;100 %;100 %;Reader;No
P37;Base Chart;218;3;53;450;90 %;90 %;Reader;No
;Line Chart;309;3;65;1250;100 %;100 %;Reader;No
;Area Chart;134;3;51;100;100 %;100 %;Reader;No
;Stacked Area;784;12;91;1200;85.7%;85.7%;Reader;No
;Misleading;169;4;75;125;62.5%;62.5%;Reader;No
P38;Base Chart;361;13;57;400;80 %;80 %;Reader;No
;Line Chart;216;7;67;1150;92 %;92 %;Reader;No
;Area Chart;100;3;90;100;100 %;100 %;Reader;No
;Stacked Area;323;7;91;1350;96.4%;96.4%;Reader;No
;Misleading;72;0;59;200;100 %;100 %;Reader;No
P39;Base Chart;133;2;151;475;95 %;95 %;Reader;No
;Line Chart;187;3;62;1275;100 %;100 %;Reader;No
;Area Chart;33;0;89;100;100 %;100 %;Reader;No
;Stacked Area;141;1;;1400;100 %;100 %;Skipper;No
;Misleading;43;0;43;200;100 %;100 %;Reader;No
P40;Base Chart;133;2;151;475;95 %;95 %;Reader;No
;Line Chart;187;3;62;1275;100 %;100 %;Reader;Yes
;Area Chart;33;0;89;100;100 %;100 %;Reader;No
;Stacked Area;141;1;67;1400;100 %;100 %;Reader;No
;Misleading;43;0;43;200;100 %;100 %;Reader;No
P41;Base Chart;168;2;39;450;90 %;90 %;Reader;No
;Line Chart;388;7;52;1150;92 %;92 %;Reader;No
;Area Chart;102;1;77;100;100 %;100 %;Reader;No
;Stacked Area;216;2;65;1400;100 %;100 %;Reader;No
;Misleading;51;0;53;200;100 %;100 %;Reader;No
P42;Base Chart;274;5;39;425;85 %;85 %;Reader;No
;Line Chart;101;1;52;1150;100 %;100 %;Reader;No
;Area Chart;165;3;53;100;100 %;100 %;Reader;No
;Stacked Area;338;17;65;1325;94.6%;72 %;Reader;Yes
;Misleading;98;2;52;200;100 %;0 %;Reader;Yes
P43;Base Chart;274;5;39;425;85 %;85 %;Reader;No
;Line Chart;101;1;52;1150;100 %;100 %;Reader;No
;Area Chart;165;3;53;100;100 %;100 %;Reader;No
;Stacked Area;338;17;65;1325;94.6%;94.6%;Reader;No
;Misleading;98;2;52;200;100 %;100 %;Reader;No
P44;Base Chart;168;2;39;450;90 %;90 %;Reader;No
;Line Chart;388;7;52;1150;92 %;92 %;Reader;No
;Area Chart;102;1;77;100;100 %;100 %;Reader;No
;Stacked Area;216;2;65;1400;100 %;100 %;Reader;No
;Misleading;51;0;53;200;100 %;100 %;Reader;No
P45;Base Chart;168;1;47;500;100 %;100 %;Reader;No
;Line Chart;182;3;53;1250;100 %;100 %;Reader;No
;Area Chart;200;5;58;250;100 %;81 %;Reader;Yes
;Stacked Area;193;3;92;1325;94.6%;94.6%;Reader;No
;Misleading;43;0;70;200;100 %;100 %;Reader;No
P46;Base Chart;97;0;48;500;90 %;90 %;Reader;No
;Line Chart;193;0;57;1150;100 %;100 %;Reader;No
;Area Chart;179;6;61;250;100 %;100 %;Reader;No
;Stacked Area;197;3;86;1325;94.6%;54 %;Reader;Yes
;Misleading;129;6;56;150;75 %;75 %;Reader;No
P47;Base Chart;156;4;49;450;90 %;90.0;Reader;No
;Line Chart;98;1;37;1075;93.5%;93.5%;Reader;No
;Area Chart;177;7;34;100;100 %;78 %;Reader;Yes
;Stacked Area;264;14;43;1050;75 %;75 %;Reader;No
;Misleading;160;0;58;200;100 %;100 %;Reader;No
P49;Base Chart;223;4;;400;80 %;80 %;Skipper;No
;Line Chart;253;3;;1200;96 %;96 %;Skipper;No
;Area Chart;84;1;;200;80 %;80 %;Skipper;No
;Stacked Area;259;6;;1125;80 %;80 %;Skipper;No
;Misleading;207;7;;175;87.5%;87.5%;Skipper;No
P50;Base Chart;144;1;;500;100 %;0 %;Skipper;Yes
;Line Chart;114;2;;1150;100 %;78 %;Skipper;Yes
;Area Chart;64;5;;100;100 %;68 %;Skipper;Yes
;Stacked Area;137;3;;1400;100 %;93 %;Skipper;Yes
;Misleading;90;2;;200;100 %;75 %;Skipper;Yes
P51;Base Chart;93;1;;475;95 %;95 %;Skipper;No
;Line Chart;187;10;;1075;93 %;80 %;Skipper;Yes
;Area Chart;36;0;;250;100 %;100 %;Skipper;No
;Stacked Area;205;11;;1350;96 %;96 %;Skipper;No
;Misleading;160;7;;200;100 %;50 %;Skipper;Yes
P52;Base Chart;148;1;;500;100 %;100 %;Skipper;No
;Line Chart;220;7;;1175;90 %;90 %;Skipper;No
;Area Chart;36;0;;100;100 %;100 %;Skipper;No
;Stacked Area;246;3;;1250;89 %;89 %;Skipper;No
;Misleading;69;0;;200;100 %;100 %;Skipper;No
P53;Base Chart;161;3;52;500;100 %;0 %;Reader;Yes
;Line Chart;95;1;15;1150;100 %;0 %;Reader;Yes
;Area Chart;134;3;16;100;90 %;90 %;Reader;No
;Stacked Area;266;4;16;1400;100 %;100 %;Reader;No
;Misleading;93;1;12;200;100 %;100 %;Skipper;Yes
P54;Base Chart;100;2;42;500;100 %;100 %;Reader;No
;Line Chart;117;3;46;1075;93 %;93 %;Reader;No
;Area Chart;67;2;45;100;100 %;50 %;Reader;No
;Stacked Area;235;10;90;1325;95 %;95 %;Reader;No
;Misleading;88;0;63;200;100 %;100 %;Reader;No
P55;Base Chart;278;8;61;350;100 %;70 %;Reader;Yes
;Line Chart;126;2;57;1125;98 %;98 %;Reader;No
;Area Chart;57;0;70;250;100 %;100 %;Reader;No
;Stacked Area;164;0;101;1400;100 %;100 %;Reader;No
;Misleading;68;1;74;175;100 %;87.5%;Reader;Yes
P56;Base Chart;93;0;34;500;100 %;100 %;Reader;No
;Line Chart;129;0;132;1300;100 %;100 %;Reader;No
;Area Chart;28;0;14;100;100 %;100 %;Skipper;No
;Stacked Area;196;2;30;1375;98 %;98 %;Reader;No
;Misleading;149;3;7;200;100 %;50 %;Skipper;Yes
P57;Base Chart;182;6;50;500;100 %;100 %;Reader;No
;Line Chart;161;2;2;1050;91 %;91 %;Skipper;No
;Area Chart;138;2;0;225;90 %;90 %;Skipper;No
;Stacked Area;358;29;22;1225;87 %;87 %;Reader;No
;Misleading;147;3;0;150;75 %;75 %;Skipper;No
P58;Base Chart;267;6;0;500;100 %;100 %;Skipper;No
;Line Chart;478;15;52;1075;93 %;50 %;Reader;Yes
;Area Chart;17;0;63;100;100 %;100 %;Reader;No
;Stacked Area;373;12;87;1325;94 %;56 %;Reader;Yes
;Misleading;168;0;56;200;100 %;100 %;Reader;No
P59;Base Chart;130;4;35;450;90 %;90 %;Reader;No
;Line Chart;166;0;60;1150;100 %;100 %;Reader;No
;Area Chart;65;0;63;100;100 %;50 %;Reader;Yes
;Stacked Area;397;10;90;1225;87.5%;87.5%;Reader;No
;Misleading;123;2;55;150;75 %;75 %;Reader;No
P60;Base Chart;118;0;0;500;95 %;95 %;Skipper;No
;Line Chart;122;0;0;1300;100 %;80 %;Skipper;Yes
;Area Chart;27;0;0;100;100 %;100 %;Skipper;No
;Stacked Area;32;2;0;0;90 %;90 %;Reader;No
;Misleading;110;0;0;200;100 %;100 %;Reader;No
P61;Base Chart;185;0;44;500;100 %;100 %;Reader;No
;Line Chart;152;3;55;1150;100 %;100 %;Reader;No
;Area Chart;188;6;65;100;100 %;100 %;Reader;No
;Stacked Area;327;14;76;1175;95 %;84 %;Reader;No
;Misleading;100;0;55;200;100 %;100 %;Skipper;No
P62;Base Chart;143;2;50;475;95 %;95 %;Skipper;No
;Line Chart;440;20;4;0;80 %;45 %;Reader;Yes
;Area Chart;191;1;4;1150;100 %;100 %;Reader;No
;Stacked Area;417;26;55;1200;85 %;85 %;Reader;No
;Misleading;204;14;63;-25;0 %;0 %;Reader;No
P63;Base Chart;151;3;47;450;90 %;90 %;Reader;No
;Line Chart;289;11;37;1075;86 %;86 %;Reader;No
;Area Chart;24;0;79;100;100 %;100 %;Skipper;No
;Stacked Area;637;48;76;1125;80 %;80 %;Reader;No
;Misleading;45;1;3;175;87.5%;87.5%;Reader;No
P64;Base Chart;93;2;48;475;95 %;95 %;Reader;No
;Line Chart;255;12;55;1275;92 %;40 %;Reader;Yes
;Area Chart;43;0;22;100;100 %;100 %;Reader;No
;Stacked Area;390;10;62;1375;98 %;98 %;Reader;No
;Misleading;150;1;61;175;100;87.5%;Reader;Yes
P65;Base Chart;215;6;43;400;80 %;80 %;Reader;No
;Line Chart;200;2;21;1150;100 %;100 %;Reader;No
;Area Chart;115;6;22;-50;100 %;0 %;Skipper;Yes
;Stacked Area;~720;25;30;1025;73 %;73 %;Reader;Yes
;Misleading;170;2;5;150;75 %;75 %;Reader;No
P66;Base Chart;117;0;49;500;100 %;100 %;Reader;No
;Line Chart;220;3;98;1275;100 %;100 %;Reader;No
;Area Chart;33;0;61;100;100 %;100 %;Reader;No
;Stacked Area;465;0;104;1400;100 %;100 %;Reader;No
;Misleading;156;1;65;175;100 %;87.5%;Reader;Yes
P67;Base Chart;258;12;183;500;100 %;100 %;Reader;No
;Line Chart;205;16;45;875;76 %;76 %;Skipper;No
;Area Chart;209;4;60;-50;75 %;0 %;Skipper;Yes
;Stacked Area;630;30;9;950;67 %;67 %;Reader;No
;Misleading;139;9;7;-50;87.5%;0 %;Reader;Yes
P68;Base Chart;177;1;48;500;100 %;100 %;Reader;No
;Line Chart;191;4;61;1175;94 %;94 %;Reader;No
;Area Chart;27;0;60;100;100 %;100 %;Reader;No
;Stacked Area;358;8;100;1175;84 %;84 %;Reader;No
;Misleading;85;1;76;175;100 %;87.5%;Reader;Yes
P69;Base Chart;158;3;52;625;100 %;100 %;Reader;No
;Line Chart;178;4;45;1275;100 %;100 %;Reader;No
;Area Chart;39;0;18;100;100 %;100 %;Reader;No
;Stacked Area;171;3;81;1375;98 %;98 %;Reader;No
;Misleading;149;0;78;200;100 %;100 %;Reader;Yes
P70;Base Chart;389;13;47;225;45 %;45 %;Reader;No
;Line Chart;145;9;73;325;59 %;59 %;Reader;No
;Area Chart;163;3;43;175;70 %;70 %;Reader;No
;Stacked Area;561;32;82;500;35 %;35 %;Reader;No
;Misleading;92;1;54;175;87 %;87 %;Reader;No
P71;Base Chart;425;8;24;475;95 %;70 %;Reader;Yes
;Line Chart;150;4;18;1150;100 %;100 %;Reader;No
;Area Chart;78;1;2;100;100 %;100 %;Skipper;No
;Stacked Area;518;18;19;1225;88 %;88 %;Reader;No
;Misleading;102;3;2;200;100 %;85 %;Skipper;Yes
P72;Base Chart;127;5;50;400;80 %;80 %;Reader;No
;Line Chart;433;60;55;1125;97 %;0 %;Reader;Yes
;Area Chart;64;2;31;100;40 %;40 %;Reader;No
;Stacked Area;494;40;38;1250;89 %;20 %;Reader;Yes
;Misleading;58;0;50;200;100 %;100 %;Reader;No
P73;Base Chart;124;4;50;425;85 %;85 %;Reader;No
;Line Chart;450;70;26;900;78 %;0 %;Reader;Yes
;Area Chart;24;1;29;75;75 %;75 %;Reader;No
;Stacked Area;236;15;34;1125;80 %;80 %;Reader;No
;Misleading;63;1;71;175;88 %;88 %;Reader;No